{"segments": [[-9.5494845453524988, 3.0195740787849203, 0.0], [-6.8887481856013828, 3.235052261360956, 0.0], [-4.3413732964181087, 3.3673271774213691, 0.0], [-1.9073598778026821, 3.41639882696616, 0.0], [0.41329207024490122, 3.3822672099953293, 0.0], [2.6205825477246378, 3.2649323265088768, 0.0], [4.7145115546365295, 3.064394176506803, 0.0], [6.6950790909805784, 2.7806527599891071, 0.0], [8.5622851567567793, 2.413708076955789, 0.0], [10.316129751965139, 1.963560127406849, 0.0], [11.956612876605647, 1.4302089113422873, 0.0]], "hole": [[-0.81931693705463671, -1.3981832150859865, 0.0], [-1.4759871971886067, 0.14007036427022146, 0.0], [-2.9114073655692945, 0.99856255710167652, 0.0], [-4.577295726012375, 0.84937852482319087, 0.0], [-5.8373395462914264, -0.25049850281361485, 0.0], [-6.2102449143741154, -1.8809528846966892, 0.0], [-5.5535746542401458, -3.4192064640528979, 0.0], [-4.1181544858594581, -4.2776986568843522, 0.0], [-2.4522661254163785, -4.1285146246058666, 0.0], [-1.192222305137326, -3.0286375969690607, 0.0], [-0.81931693705463671, -1.3981832150859865, 0.0]], "boundary": [[-9.5494845453524988, 3.0195740787849203, 0.0], [4.6554666386660415, 8.284346195938646, 0.0], [11.956612876605647, 1.4302089113422873, 0.0], [-2.0, -9.0, 0.0], [-10.542837775004159, -4.9272517584282483, 0.0], [-9.5494845453524988, 3.0195740787849203, 0.0]]}